state,commodity,modal_price,min_price,max_price,date,source
Tamil Nadu,rice,2315.52,1968.19,2662.85,2026-03-03,Agmarknet_2024
Tamil Nadu,wheat,2476.21,2104.78,2847.64,2026-03-03,Agmarknet_2024
Tamil Nadu,maize,2111.36,1794.66,2428.07,2026-03-03,Agmarknet_2024
Tamil Nadu,chickpea,5613.8,4771.73,6455.87,2026-03-03,Agmarknet_2024
Tamil Nadu,kidneybeans,6855.02,5826.77,7883.27,2026-03-03,Agmarknet_2024
Tamil Nadu,pigeonpeas,7240.07,6154.06,8326.08,2026-03-03,Agmarknet_2024
Tamil Nadu,mothbeans,4973.53,4227.5,5719.56,2026-03-03,Agmarknet_2024
Tamil Nadu,mungbean,8643.08,7346.61,9939.54,2026-03-03,Agmarknet_2024
Tamil Nadu,blackgram,6727.0,5717.95,7736.05,2026-03-03,Agmarknet_2024
Tamil Nadu,lentil,6409.7,5448.25,7371.16,2026-03-03,Agmarknet_2024
Tamil Nadu,pomegranate,8503.93,7228.34,9779.52,2026-03-03,Agmarknet_2024
Tamil Nadu,banana,2292.61,1948.72,2636.5,2026-03-03,Agmarknet_2024
Tamil Nadu,mango,4739.8,4028.83,5450.77,2026-03-03,Agmarknet_2024
Tamil Nadu,grapes,6087.72,5174.56,7000.88,2026-03-03,Agmarknet_2024
Tamil Nadu,watermelon,1110.89,944.26,1277.53,2026-03-03,Agmarknet_2024
Tamil Nadu,muskmelon,2422.22,2058.89,2785.55,2026-03-03,Agmarknet_2024
Tamil Nadu,apple,8724.68,7415.98,10033.38,2026-03-03,Agmarknet_2024
Tamil Nadu,orange,3725.46,3166.64,4284.28,2026-03-03,Agmarknet_2024
Tamil Nadu,papaya,1946.07,1654.16,2237.98,2026-03-03,Agmarknet_2024
Tamil Nadu,coconut,3349.31,2846.91,3851.71,2026-03-03,Agmarknet_2024
Tamil Nadu,cotton,7026.35,5972.4,8080.3,2026-03-03,Agmarknet_2024
Tamil Nadu,jute,4568.68,3883.37,5253.98,2026-03-03,Agmarknet_2024
Tamil Nadu,coffee,13073.77,11112.71,15034.84,2026-03-03,Agmarknet_2024
Tamil Nadu,tea,26356.88,22403.35,30310.42,2026-03-03,Agmarknet_2024
Tamil Nadu,mustard,5882.97,5000.53,6765.42,2026-03-03,Agmarknet_2024
Tamil Nadu,tomato,2575.16,2188.88,2961.43,2026-03-03,Agmarknet_2024
Tamil Nadu,onion,2632.67,2237.77,3027.58,2026-03-03,Agmarknet_2024
Tamil Nadu,potato,1884.03,1601.42,2166.63,2026-03-03,Agmarknet_2024
Tamil Nadu,brinjal,2661.79,2262.52,3061.06,2026-03-03,Agmarknet_2024
Tamil Nadu,green chilli,5630.37,4785.81,6474.92,2026-03-03,Agmarknet_2024
Tamil Nadu,carrot,2741.93,2330.64,3153.22,2026-03-03,Agmarknet_2024
Tamil Nadu,cabbage,1790.04,1521.54,2058.55,2026-03-03,Agmarknet_2024
Tamil Nadu,cauliflower,2364.22,2009.59,2718.86,2026-03-03,Agmarknet_2024
Tamil Nadu,bottle gourd,1973.05,1677.09,2269.0,2026-03-03,Agmarknet_2024
Tamil Nadu,bitter gourd,4797.54,4077.91,5517.17,2026-03-03,Agmarknet_2024
Tamil Nadu,pumpkin,2143.82,1822.25,2465.4,2026-03-03,Agmarknet_2024
Tamil Nadu,bhindi,3756.79,3193.27,4320.31,2026-03-03,Agmarknet_2024
Tamil Nadu,garlic,5646.63,4799.64,6493.63,2026-03-03,Agmarknet_2024
Tamil Nadu,ginger,7652.69,6504.79,8800.59,2026-03-03,Agmarknet_2024
Tamil Nadu,coriander,8259.88,7020.89,9498.86,2026-03-03,Agmarknet_2024
Tamil Nadu,drumstick,3969.92,3374.43,4565.41,2026-03-03,Agmarknet_2024
Tamil Nadu,sweet potato,2323.91,1975.33,2672.5,2026-03-03,Agmarknet_2024
Tamil Nadu,tapioca,1622.33,1378.98,1865.68,2026-03-03,Agmarknet_2024
Kerala,rice,2331.2,1981.52,2680.88,2026-03-03,Agmarknet_2024
Kerala,wheat,2308.99,1962.64,2655.34,2026-03-03,Agmarknet_2024
Kerala,maize,1909.47,1623.05,2195.89,2026-03-03,Agmarknet_2024
Kerala,chickpea,5665.14,4815.37,6514.91,2026-03-03,Agmarknet_2024
Kerala,kidneybeans,5975.18,5078.9,6871.45,2026-03-03,Agmarknet_2024
Kerala,pigeonpeas,7118.28,6050.54,8186.02,2026-03-03,Agmarknet_2024
Kerala,mothbeans,5334.9,4534.67,6135.14,2026-03-03,Agmarknet_2024
Kerala,mungbean,8530.79,7251.17,9810.41,2026-03-03,Agmarknet_2024
Kerala,blackgram,6944.32,5902.67,7985.97,2026-03-03,Agmarknet_2024
Kerala,lentil,6103.29,5187.8,7018.79,2026-03-03,Agmarknet_2024
Kerala,pomegranate,7822.76,6649.35,8996.18,2026-03-03,Agmarknet_2024
Kerala,banana,2393.8,2034.73,2752.87,2026-03-03,Agmarknet_2024
Kerala,mango,4695.68,3991.33,5400.04,2026-03-03,Agmarknet_2024
Kerala,grapes,6336.15,5385.73,7286.57,2026-03-03,Agmarknet_2024
Kerala,watermelon,1096.67,932.17,1261.17,2026-03-03,Agmarknet_2024
Kerala,muskmelon,2632.99,2238.04,3027.93,2026-03-03,Agmarknet_2024
Kerala,apple,7690.41,6536.85,8843.97,2026-03-03,Agmarknet_2024
Kerala,orange,3503.16,2977.69,4028.64,2026-03-03,Agmarknet_2024
Kerala,papaya,2150.58,1828.0,2473.17,2026-03-03,Agmarknet_2024
Kerala,coconut,3494.93,2970.69,4019.17,2026-03-03,Agmarknet_2024
Kerala,cotton,6804.1,5783.49,7824.72,2026-03-03,Agmarknet_2024
Kerala,jute,4063.62,3454.08,4673.16,2026-03-03,Agmarknet_2024
Kerala,coffee,10856.36,9227.91,12484.82,2026-03-03,Agmarknet_2024
Kerala,tea,26580.36,22593.31,30567.42,2026-03-03,Agmarknet_2024
Kerala,mustard,5044.5,4287.82,5801.17,2026-03-03,Agmarknet_2024
Kerala,tomato,2510.47,2133.9,2887.05,2026-03-03,Agmarknet_2024
Kerala,onion,2450.31,2082.76,2817.86,2026-03-03,Agmarknet_2024
Kerala,potato,1749.37,1486.96,2011.77,2026-03-03,Agmarknet_2024
Kerala,brinjal,2587.19,2199.11,2975.27,2026-03-03,Agmarknet_2024
Kerala,green chilli,5465.49,4645.66,6285.31,2026-03-03,Agmarknet_2024
Kerala,carrot,2539.93,2158.94,2920.92,2026-03-03,Agmarknet_2024
Kerala,cabbage,1874.18,1593.06,2155.31,2026-03-03,Agmarknet_2024
Kerala,cauliflower,2640.1,2244.09,3036.12,2026-03-03,Agmarknet_2024
Kerala,bottle gourd,1961.81,1667.54,2256.08,2026-03-03,Agmarknet_2024
Kerala,bitter gourd,4365.03,3710.28,5019.78,2026-03-03,Agmarknet_2024
Kerala,pumpkin,2182.61,1855.22,2510.0,2026-03-03,Agmarknet_2024
Kerala,bhindi,3321.93,2823.64,3820.22,2026-03-03,Agmarknet_2024
Kerala,garlic,5936.09,5045.68,6826.51,2026-03-03,Agmarknet_2024
Kerala,ginger,7439.01,6323.16,8554.87,2026-03-03,Agmarknet_2024
Kerala,coriander,7361.79,6257.53,8466.06,2026-03-03,Agmarknet_2024
Kerala,drumstick,3758.99,3195.14,4322.84,2026-03-03,Agmarknet_2024
Kerala,sweet potato,2352.84,1999.91,2705.76,2026-03-03,Agmarknet_2024
Kerala,tapioca,1480.93,1258.79,1703.07,2026-03-03,Agmarknet_2024
Gujarat,rice,2394.9,2035.66,2754.13,2026-03-03,Agmarknet_2024
Gujarat,wheat,2324.81,1976.09,2673.53,2026-03-03,Agmarknet_2024
Gujarat,maize,2047.6,1740.46,2354.75,2026-03-03,Agmarknet_2024
Gujarat,chickpea,5966.1,5071.19,6861.02,2026-03-03,Agmarknet_2024
Gujarat,kidneybeans,6488.42,5515.16,7461.68,2026-03-03,Agmarknet_2024
Gujarat,pigeonpeas,7909.52,6723.1,9095.95,2026-03-03,Agmarknet_2024
Gujarat,mothbeans,5559.83,4725.86,6393.81,2026-03-03,Agmarknet_2024
Gujarat,mungbean,8822.41,7499.04,10145.77,2026-03-03,Agmarknet_2024
Gujarat,blackgram,5932.36,5042.5,6822.21,2026-03-03,Agmarknet_2024
Gujarat,lentil,5932.44,5042.57,6822.31,2026-03-03,Agmarknet_2024
Gujarat,pomegranate,8751.14,7438.47,10063.81,2026-03-03,Agmarknet_2024
Gujarat,banana,2456.04,2087.64,2824.45,2026-03-03,Agmarknet_2024
Gujarat,mango,4838.94,4113.1,5564.78,2026-03-03,Agmarknet_2024
Gujarat,grapes,5982.65,5085.25,6880.04,2026-03-03,Agmarknet_2024
Gujarat,watermelon,1135.33,965.03,1305.62,2026-03-03,Agmarknet_2024
Gujarat,muskmelon,2566.59,2181.6,2951.58,2026-03-03,Agmarknet_2024
Gujarat,apple,7772.51,6606.63,8938.39,2026-03-03,Agmarknet_2024
Gujarat,orange,3648.63,3101.34,4195.93,2026-03-03,Agmarknet_2024
Gujarat,papaya,2015.57,1713.23,2317.9,2026-03-03,Agmarknet_2024
Gujarat,coconut,3449.71,2932.25,3967.16,2026-03-03,Agmarknet_2024
Gujarat,cotton,7130.48,6060.91,8200.05,2026-03-03,Agmarknet_2024
Gujarat,jute,4797.24,4077.65,5516.83,2026-03-03,Agmarknet_2024
Gujarat,coffee,11421.02,9707.86,13134.17,2026-03-03,Agmarknet_2024
Gujarat,tea,24102.17,20486.85,27717.5,2026-03-03,Agmarknet_2024
Gujarat,mustard,5441.62,4625.38,6257.87,2026-03-03,Agmarknet_2024
Gujarat,tomato,2449.52,2082.09,2816.94,2026-03-03,Agmarknet_2024
Gujarat,onion,2530.07,2150.56,2909.58,2026-03-03,Agmarknet_2024
Gujarat,potato,1857.67,1579.02,2136.32,2026-03-03,Agmarknet_2024
Gujarat,brinjal,2696.63,2292.14,3101.13,2026-03-03,Agmarknet_2024
Gujarat,green chilli,6526.24,5547.31,7505.18,2026-03-03,Agmarknet_2024
Gujarat,carrot,2434.55,2069.37,2799.74,2026-03-03,Agmarknet_2024
Gujarat,cabbage,1715.64,1458.3,1972.99,2026-03-03,Agmarknet_2024
Gujarat,cauliflower,2265.81,1925.94,2605.68,2026-03-03,Agmarknet_2024
Gujarat,bottle gourd,2077.52,1765.89,2389.15,2026-03-03,Agmarknet_2024
Gujarat,bitter gourd,4257.07,3618.51,4895.63,2026-03-03,Agmarknet_2024
Gujarat,pumpkin,1941.96,1650.66,2233.25,2026-03-03,Agmarknet_2024
Gujarat,bhindi,3289.73,2796.27,3783.19,2026-03-03,Agmarknet_2024
Gujarat,garlic,6212.16,5280.34,7143.98,2026-03-03,Agmarknet_2024
Gujarat,ginger,8016.6,6814.11,9219.09,2026-03-03,Agmarknet_2024
Gujarat,coriander,7837.06,6661.5,9012.62,2026-03-03,Agmarknet_2024
Gujarat,drumstick,4318.72,3670.92,4966.53,2026-03-03,Agmarknet_2024
Gujarat,sweet potato,2056.12,1747.7,2364.54,2026-03-03,Agmarknet_2024
Gujarat,tapioca,1434.72,1219.51,1649.93,2026-03-03,Agmarknet_2024
Himachal Pradesh,rice,2124.96,1806.22,2443.71,2026-03-03,Agmarknet_2024
Himachal Pradesh,wheat,2427.68,2063.53,2791.84,2026-03-03,Agmarknet_2024
Himachal Pradesh,maize,2157.26,1833.67,2480.84,2026-03-03,Agmarknet_2024
Himachal Pradesh,chickpea,5261.3,4472.1,6050.49,2026-03-03,Agmarknet_2024
Himachal Pradesh,kidneybeans,6485.27,5512.48,7458.06,2026-03-03,Agmarknet_2024
Himachal Pradesh,pigeonpeas,7624.76,6481.05,8768.48,2026-03-03,Agmarknet_2024
Himachal Pradesh,mothbeans,5574.38,4738.22,6410.53,2026-03-03,Agmarknet_2024
Himachal Pradesh,mungbean,8986.28,7638.33,10334.22,2026-03-03,Agmarknet_2024
Himachal Pradesh,blackgram,5879.58,4997.65,6761.52,2026-03-03,Agmarknet_2024
Himachal Pradesh,lentil,6147.11,5225.05,7069.18,2026-03-03,Agmarknet_2024
Himachal Pradesh,pomegranate,8260.19,7021.17,9499.22,2026-03-03,Agmarknet_2024
Himachal Pradesh,banana,2431.49,2066.77,2796.21,2026-03-03,Agmarknet_2024
Himachal Pradesh,mango,4816.79,4094.27,5539.31,2026-03-03,Agmarknet_2024
Himachal Pradesh,grapes,5690.74,4837.13,6544.35,2026-03-03,Agmarknet_2024
Himachal Pradesh,watermelon,1157.34,983.73,1330.94,2026-03-03,Agmarknet_2024
Himachal Pradesh,muskmelon,2729.33,2319.93,3138.73,2026-03-03,Agmarknet_2024
Himachal Pradesh,apple,8281.1,7038.94,9523.27,2026-03-03,Agmarknet_2024
Himachal Pradesh,orange,3380.24,2873.2,3887.28,2026-03-03,Agmarknet_2024
Himachal Pradesh,papaya,1907.7,1621.54,2193.85,2026-03-03,Agmarknet_2024
Himachal Pradesh,coconut,3481.46,2959.24,4003.68,2026-03-03,Agmarknet_2024
Himachal Pradesh,cotton,6359.15,5405.28,7313.03,2026-03-03,Agmarknet_2024
Himachal Pradesh,jute,4939.45,4198.53,5680.37,2026-03-03,Agmarknet_2024
Himachal Pradesh,coffee,13043.08,11086.62,14999.55,2026-03-03,Agmarknet_2024
Himachal Pradesh,tea,27245.77,23158.9,31332.63,2026-03-03,Agmarknet_2024
Himachal Pradesh,mustard,5446.48,4629.5,6263.45,2026-03-03,Agmarknet_2024
Himachal Pradesh,tomato,2493.56,2119.52,2867.59,2026-03-03,Agmarknet_2024
Himachal Pradesh,onion,2657.52,2258.89,3056.15,2026-03-03,Agmarknet_2024
Himachal Pradesh,potato,1936.19,1645.76,2226.62,2026-03-03,Agmarknet_2024
Himachal Pradesh,brinjal,2384.42,2026.76,2742.09,2026-03-03,Agmarknet_2024
Himachal Pradesh,green chilli,5731.18,4871.5,6590.86,2026-03-03,Agmarknet_2024
Himachal Pradesh,carrot,2346.91,1994.87,2698.95,2026-03-03,Agmarknet_2024
Himachal Pradesh,cabbage,1869.76,1589.3,2150.23,2026-03-03,Agmarknet_2024
Himachal Pradesh,cauliflower,2608.61,2217.32,2999.9,2026-03-03,Agmarknet_2024
Himachal Pradesh,bottle gourd,2095.23,1780.95,2409.52,2026-03-03,Agmarknet_2024
Himachal Pradesh,bitter gourd,4512.17,3835.34,5188.99,2026-03-03,Agmarknet_2024
Himachal Pradesh,pumpkin,2133.51,1813.48,2453.54,2026-03-03,Agmarknet_2024
Himachal Pradesh,bhindi,3683.34,3130.84,4235.84,2026-03-03,Agmarknet_2024
Himachal Pradesh,garlic,6335.78,5385.41,7286.15,2026-03-03,Agmarknet_2024
Himachal Pradesh,ginger,8631.09,7336.42,9925.75,2026-03-03,Agmarknet_2024
Himachal Pradesh,coriander,8678.98,7377.13,9980.83,2026-03-03,Agmarknet_2024
Himachal Pradesh,drumstick,3779.89,3212.9,4346.87,2026-03-03,Agmarknet_2024
Himachal Pradesh,sweet potato,2120.01,1802.01,2438.02,2026-03-03,Agmarknet_2024
Himachal Pradesh,tapioca,1601.17,1361.0,1841.35,2026-03-03,Agmarknet_2024
Uttar Pradesh,rice,2361.15,2006.98,2715.33,2026-03-03,Agmarknet_2024
Uttar Pradesh,wheat,2481.64,2109.39,2853.89,2026-03-03,Agmarknet_2024
Uttar Pradesh,maize,2304.44,1958.77,2650.11,2026-03-03,Agmarknet_2024
Uttar Pradesh,chickpea,5196.58,4417.1,5976.07,2026-03-03,Agmarknet_2024
Uttar Pradesh,kidneybeans,6711.74,5704.98,7718.5,2026-03-03,Agmarknet_2024
Uttar Pradesh,pigeonpeas,7437.92,6322.23,8553.6,2026-03-03,Agmarknet_2024
Uttar Pradesh,mothbeans,5585.61,4747.77,6423.45,2026-03-03,Agmarknet_2024
Uttar Pradesh,mungbean,8237.25,7001.66,9472.83,2026-03-03,Agmarknet_2024
Uttar Pradesh,blackgram,7074.74,6013.53,8135.95,2026-03-03,Agmarknet_2024
Uttar Pradesh,lentil,5708.48,4852.21,6564.75,2026-03-03,Agmarknet_2024
Uttar Pradesh,pomegranate,8182.39,6955.03,9409.75,2026-03-03,Agmarknet_2024
Uttar Pradesh,banana,2600.65,2210.56,2990.75,2026-03-03,Agmarknet_2024
Uttar Pradesh,mango,4393.02,3734.07,5051.97,2026-03-03,Agmarknet_2024
Uttar Pradesh,grapes,6230.05,5295.54,7164.55,2026-03-03,Agmarknet_2024
Uttar Pradesh,watermelon,1129.42,960.01,1298.84,2026-03-03,Agmarknet_2024
Uttar Pradesh,muskmelon,2476.19,2104.76,2847.62,2026-03-03,Agmarknet_2024
Uttar Pradesh,apple,7643.36,6496.85,8789.86,2026-03-03,Agmarknet_2024
Uttar Pradesh,orange,3204.06,2723.45,3684.66,2026-03-03,Agmarknet_2024
Uttar Pradesh,papaya,1936.21,1645.78,2226.65,2026-03-03,Agmarknet_2024
Uttar Pradesh,coconut,3340.85,2839.72,3841.98,2026-03-03,Agmarknet_2024
Uttar Pradesh,cotton,6421.33,5458.13,7384.53,2026-03-03,Agmarknet_2024
Uttar Pradesh,jute,4062.83,3453.41,4672.26,2026-03-03,Agmarknet_2024
Uttar Pradesh,coffee,11726.44,9967.47,13485.4,2026-03-03,Agmarknet_2024
Uttar Pradesh,tea,23948.97,20356.63,27541.32,2026-03-03,Agmarknet_2024
Uttar Pradesh,mustard,5888.93,5005.59,6772.27,2026-03-03,Agmarknet_2024
Uttar Pradesh,tomato,2297.1,1952.53,2641.66,2026-03-03,Agmarknet_2024
Uttar Pradesh,onion,2421.02,2057.87,2784.17,2026-03-03,Agmarknet_2024
Uttar Pradesh,potato,1741.51,1480.28,2002.73,2026-03-03,Agmarknet_2024
Uttar Pradesh,brinjal,2357.53,2003.9,2711.16,2026-03-03,Agmarknet_2024
Uttar Pradesh,green chilli,5440.0,4624.0,6256.0,2026-03-03,Agmarknet_2024
Uttar Pradesh,carrot,2512.54,2135.66,2889.42,2026-03-03,Agmarknet_2024
Uttar Pradesh,cabbage,1964.04,1669.43,2258.65,2026-03-03,Agmarknet_2024
Uttar Pradesh,cauliflower,2518.69,2140.89,2896.49,2026-03-03,Agmarknet_2024
Uttar Pradesh,bottle gourd,2024.46,1720.79,2328.13,2026-03-03,Agmarknet_2024
Uttar Pradesh,bitter gourd,4269.14,3628.77,4909.51,2026-03-03,Agmarknet_2024
Uttar Pradesh,pumpkin,2103.34,1787.84,2418.84,2026-03-03,Agmarknet_2024
Uttar Pradesh,bhindi,3509.71,2983.25,4036.17,2026-03-03,Agmarknet_2024
Uttar Pradesh,garlic,5525.08,4696.32,6353.84,2026-03-03,Agmarknet_2024
Uttar Pradesh,ginger,8729.11,7419.75,10038.48,2026-03-03,Agmarknet_2024
Uttar Pradesh,coriander,8356.97,7103.42,9610.51,2026-03-03,Agmarknet_2024
Uttar Pradesh,drumstick,4208.65,3577.35,4839.94,2026-03-03,Agmarknet_2024
Uttar Pradesh,sweet potato,2250.54,1912.96,2588.12,2026-03-03,Agmarknet_2024
Uttar Pradesh,tapioca,1590.37,1351.81,1828.92,2026-03-03,Agmarknet_2024
Haryana,rice,2079.74,1767.77,2391.7,2026-03-03,Agmarknet_2024
Haryana,wheat,2436.0,2070.6,2801.4,2026-03-03,Agmarknet_2024
Haryana,maize,2163.85,1839.28,2488.43,2026-03-03,Agmarknet_2024
Haryana,chickpea,5978.02,5081.32,6874.73,2026-03-03,Agmarknet_2024
Haryana,kidneybeans,6033.4,5128.39,6938.41,2026-03-03,Agmarknet_2024
Haryana,pigeonpeas,7839.51,6663.58,9015.43,2026-03-03,Agmarknet_2024
Haryana,mothbeans,5127.82,4358.65,5897.0,2026-03-03,Agmarknet_2024
Haryana,mungbean,8622.52,7329.15,9915.9,2026-03-03,Agmarknet_2024
Haryana,blackgram,6352.88,5399.95,7305.81,2026-03-03,Agmarknet_2024
Haryana,lentil,5706.23,4850.3,6562.17,2026-03-03,Agmarknet_2024
Haryana,pomegranate,8314.51,7067.34,9561.69,2026-03-03,Agmarknet_2024
Haryana,banana,2746.9,2334.86,3158.93,2026-03-03,Agmarknet_2024
Haryana,mango,4499.71,3824.76,5174.67,2026-03-03,Agmarknet_2024
Haryana,grapes,6340.74,5389.63,7291.85,2026-03-03,Agmarknet_2024
Haryana,watermelon,1310.06,1113.55,1506.57,2026-03-03,Agmarknet_2024
Haryana,muskmelon,2259.42,1920.5,2598.33,2026-03-03,Agmarknet_2024
Haryana,apple,7799.92,6629.94,8969.91,2026-03-03,Agmarknet_2024
Haryana,orange,3525.95,2997.06,4054.84,2026-03-03,Agmarknet_2024
Haryana,papaya,2131.34,1811.64,2451.04,2026-03-03,Agmarknet_2024
Haryana,coconut,3580.94,3043.8,4118.08,2026-03-03,Agmarknet_2024
Haryana,cotton,6225.71,5291.85,7159.56,2026-03-03,Agmarknet_2024
Haryana,jute,4220.44,3587.38,4853.51,2026-03-03,Agmarknet_2024
Haryana,coffee,12556.89,10673.36,14440.43,2026-03-03,Agmarknet_2024
Haryana,tea,22932.05,19492.24,26371.86,2026-03-03,Agmarknet_2024
Haryana,mustard,5427.59,4613.45,6241.73,2026-03-03,Agmarknet_2024
Haryana,tomato,2365.23,2010.44,2720.01,2026-03-03,Agmarknet_2024
Haryana,onion,2549.32,2166.92,2931.72,2026-03-03,Agmarknet_2024
Haryana,potato,1851.59,1573.85,2129.33,2026-03-03,Agmarknet_2024
Haryana,brinjal,2341.76,1990.49,2693.02,2026-03-03,Agmarknet_2024
Haryana,green chilli,6456.86,5488.33,7425.39,2026-03-03,Agmarknet_2024
Haryana,carrot,2394.45,2035.28,2753.62,2026-03-03,Agmarknet_2024
Haryana,cabbage,1907.5,1621.37,2193.62,2026-03-03,Agmarknet_2024
Haryana,cauliflower,2696.68,2292.18,3101.19,2026-03-03,Agmarknet_2024
Haryana,bottle gourd,2134.09,1813.98,2454.21,2026-03-03,Agmarknet_2024
Haryana,bitter gourd,4825.85,4101.97,5549.72,2026-03-03,Agmarknet_2024
Haryana,pumpkin,1839.55,1563.61,2115.48,2026-03-03,Agmarknet_2024
Haryana,bhindi,3688.38,3135.12,4241.63,2026-03-03,Agmarknet_2024
Haryana,garlic,6189.23,5260.85,7117.62,2026-03-03,Agmarknet_2024
Haryana,ginger,8331.89,7082.11,9581.67,2026-03-03,Agmarknet_2024
Haryana,coriander,7454.06,6335.95,8572.17,2026-03-03,Agmarknet_2024
Haryana,drumstick,3814.69,3242.49,4386.9,2026-03-03,Agmarknet_2024
Haryana,sweet potato,2070.06,1759.55,2380.57,2026-03-03,Agmarknet_2024
Haryana,tapioca,1498.99,1274.14,1723.84,2026-03-03,Agmarknet_2024
Punjab,rice,2107.17,1791.09,2423.24,2026-03-03,Agmarknet_2024
Punjab,wheat,2384.88,2027.15,2742.61,2026-03-03,Agmarknet_2024
Punjab,maize,2208.25,1877.01,2539.48,2026-03-03,Agmarknet_2024
Punjab,chickpea,4995.05,4245.79,5744.31,2026-03-03,Agmarknet_2024
Punjab,kidneybeans,6225.2,5291.42,7158.98,2026-03-03,Agmarknet_2024
Punjab,pigeonpeas,7679.78,6527.81,8831.74,2026-03-03,Agmarknet_2024
Punjab,mothbeans,5760.52,4896.44,6624.59,2026-03-03,Agmarknet_2024
Punjab,mungbean,8841.61,7515.37,10167.85,2026-03-03,Agmarknet_2024
Punjab,blackgram,6964.92,5920.18,8009.65,2026-03-03,Agmarknet_2024
Punjab,lentil,5452.64,4634.74,6270.54,2026-03-03,Agmarknet_2024
Punjab,pomegranate,8620.08,7327.07,9913.09,2026-03-03,Agmarknet_2024
Punjab,banana,2615.44,2223.12,3007.75,2026-03-03,Agmarknet_2024
Punjab,mango,4383.61,3726.07,5041.15,2026-03-03,Agmarknet_2024
Punjab,grapes,6294.99,5350.74,7239.23,2026-03-03,Agmarknet_2024
Punjab,watermelon,1112.9,945.96,1279.83,2026-03-03,Agmarknet_2024
Punjab,muskmelon,2421.65,2058.41,2784.9,2026-03-03,Agmarknet_2024
Punjab,apple,7965.07,6770.31,9159.83,2026-03-03,Agmarknet_2024
Punjab,orange,3576.57,3040.08,4113.05,2026-03-03,Agmarknet_2024
Punjab,papaya,2045.26,1738.47,2352.05,2026-03-03,Agmarknet_2024
Punjab,coconut,3350.2,2847.67,3852.73,2026-03-03,Agmarknet_2024
Punjab,cotton,7090.53,6026.95,8154.11,2026-03-03,Agmarknet_2024
Punjab,jute,4298.37,3653.62,4943.13,2026-03-03,Agmarknet_2024
Punjab,coffee,13042.38,11086.03,14998.74,2026-03-03,Agmarknet_2024
Punjab,tea,25366.84,21561.81,29171.86,2026-03-03,Agmarknet_2024
Punjab,mustard,5962.8,5068.38,6857.23,2026-03-03,Agmarknet_2024
Punjab,tomato,2659.03,2260.18,3057.89,2026-03-03,Agmarknet_2024
Punjab,onion,2675.54,2274.21,3076.87,2026-03-03,Agmarknet_2024
Punjab,potato,1632.4,1387.54,1877.27,2026-03-03,Agmarknet_2024
Punjab,brinjal,2259.38,1920.47,2598.29,2026-03-03,Agmarknet_2024
Punjab,green chilli,6512.24,5535.4,7489.07,2026-03-03,Agmarknet_2024
Punjab,carrot,2612.12,2220.3,3003.94,2026-03-03,Agmarknet_2024
Punjab,cabbage,1932.91,1642.97,2222.84,2026-03-03,Agmarknet_2024
Punjab,cauliflower,2519.87,2141.89,2897.85,2026-03-03,Agmarknet_2024
Punjab,bottle gourd,1947.35,1655.25,2239.45,2026-03-03,Agmarknet_2024
Punjab,bitter gourd,4505.24,3829.45,5181.02,2026-03-03,Agmarknet_2024
Punjab,pumpkin,1884.02,1601.42,2166.62,2026-03-03,Agmarknet_2024
Punjab,bhindi,3686.31,3133.37,4239.26,2026-03-03,Agmarknet_2024
Punjab,garlic,6364.99,5410.24,7319.74,2026-03-03,Agmarknet_2024
Punjab,ginger,7514.57,6387.38,8641.75,2026-03-03,Agmarknet_2024
Punjab,coriander,8076.26,6864.82,9287.7,2026-03-03,Agmarknet_2024
Punjab,drumstick,4228.33,3594.08,4862.58,2026-03-03,Agmarknet_2024
Punjab,sweet potato,2226.8,1892.78,2560.82,2026-03-03,Agmarknet_2024
Punjab,tapioca,1578.47,1341.7,1815.24,2026-03-03,Agmarknet_2024
Madhya Pradesh,rice,2145.25,1823.46,2467.04,2026-03-03,Agmarknet_2024
Madhya Pradesh,wheat,2294.69,1950.49,2638.89,2026-03-03,Agmarknet_2024
Madhya Pradesh,maize,2300.29,1955.25,2645.33,2026-03-03,Agmarknet_2024
Madhya Pradesh,chickpea,5854.83,4976.61,6733.06,2026-03-03,Agmarknet_2024
Madhya Pradesh,kidneybeans,6296.79,5352.27,7241.31,2026-03-03,Agmarknet_2024
Madhya Pradesh,pigeonpeas,8020.32,6817.27,9223.37,2026-03-03,Agmarknet_2024
Madhya Pradesh,mothbeans,5438.26,4622.52,6253.99,2026-03-03,Agmarknet_2024
Madhya Pradesh,mungbean,8125.08,6906.32,9343.84,2026-03-03,Agmarknet_2024
Madhya Pradesh,blackgram,5858.03,4979.33,6736.74,2026-03-03,Agmarknet_2024
Madhya Pradesh,lentil,6478.67,5506.87,7450.47,2026-03-03,Agmarknet_2024
Madhya Pradesh,pomegranate,8290.43,7046.87,9534.0,2026-03-03,Agmarknet_2024
Madhya Pradesh,banana,2370.03,2014.53,2725.54,2026-03-03,Agmarknet_2024
Madhya Pradesh,mango,4407.68,3746.53,5068.84,2026-03-03,Agmarknet_2024
Madhya Pradesh,grapes,6372.06,5416.25,7327.87,2026-03-03,Agmarknet_2024
Madhya Pradesh,watermelon,1311.66,1114.91,1508.4,2026-03-03,Agmarknet_2024
Madhya Pradesh,muskmelon,2641.47,2245.25,3037.69,2026-03-03,Agmarknet_2024
Madhya Pradesh,apple,7566.3,6431.36,8701.25,2026-03-03,Agmarknet_2024
Madhya Pradesh,orange,3599.02,3059.17,4138.87,2026-03-03,Agmarknet_2024
Madhya Pradesh,papaya,2106.38,1790.42,2422.34,2026-03-03,Agmarknet_2024
Madhya Pradesh,coconut,3481.97,2959.68,4004.27,2026-03-03,Agmarknet_2024
Madhya Pradesh,cotton,6361.56,5407.33,7315.8,2026-03-03,Agmarknet_2024
Madhya Pradesh,jute,4073.97,3462.87,4685.06,2026-03-03,Agmarknet_2024
Madhya Pradesh,coffee,10953.33,9310.33,12596.33,2026-03-03,Agmarknet_2024
Madhya Pradesh,tea,24359.74,20705.78,28013.7,2026-03-03,Agmarknet_2024
Madhya Pradesh,mustard,5765.85,4900.97,6630.73,2026-03-03,Agmarknet_2024
Madhya Pradesh,tomato,2734.3,2324.16,3144.45,2026-03-03,Agmarknet_2024
Madhya Pradesh,onion,2450.32,2082.77,2817.87,2026-03-03,Agmarknet_2024
Madhya Pradesh,potato,1830.19,1555.66,2104.71,2026-03-03,Agmarknet_2024
Madhya Pradesh,brinjal,2694.55,2290.37,3098.73,2026-03-03,Agmarknet_2024
Madhya Pradesh,green chilli,6484.54,5511.86,7457.22,2026-03-03,Agmarknet_2024
Madhya Pradesh,carrot,2463.64,2094.1,2833.19,2026-03-03,Agmarknet_2024
Madhya Pradesh,cabbage,1659.9,1410.91,1908.88,2026-03-03,Agmarknet_2024
Madhya Pradesh,cauliflower,2300.82,1955.7,2645.94,2026-03-03,Agmarknet_2024
Madhya Pradesh,bottle gourd,1914.81,1627.59,2202.03,2026-03-03,Agmarknet_2024
Madhya Pradesh,bitter gourd,4194.01,3564.9,4823.11,2026-03-03,Agmarknet_2024
Madhya Pradesh,pumpkin,2026.17,1722.24,2330.09,2026-03-03,Agmarknet_2024
Madhya Pradesh,bhindi,3455.19,2936.91,3973.47,2026-03-03,Agmarknet_2024
Madhya Pradesh,garlic,6445.4,5478.59,7412.21,2026-03-03,Agmarknet_2024
Madhya Pradesh,ginger,7750.64,6588.04,8913.24,2026-03-03,Agmarknet_2024
Madhya Pradesh,coriander,8689.88,7386.4,9993.36,2026-03-03,Agmarknet_2024
Madhya Pradesh,drumstick,3889.7,3306.25,4473.16,2026-03-03,Agmarknet_2024
Madhya Pradesh,sweet potato,2264.64,1924.95,2604.34,2026-03-03,Agmarknet_2024
Madhya Pradesh,tapioca,1635.69,1390.34,1881.05,2026-03-03,Agmarknet_2024
Rajasthan,rice,2406.77,2045.75,2767.78,2026-03-03,Agmarknet_2024
Rajasthan,wheat,2297.12,1952.55,2641.69,2026-03-03,Agmarknet_2024
Rajasthan,maize,2207.16,1876.09,2538.24,2026-03-03,Agmarknet_2024
Rajasthan,chickpea,5007.17,4256.09,5758.24,2026-03-03,Agmarknet_2024
Rajasthan,kidneybeans,6177.17,5250.59,7103.74,2026-03-03,Agmarknet_2024
Rajasthan,pigeonpeas,7853.95,6675.86,9032.05,2026-03-03,Agmarknet_2024
Rajasthan,mothbeans,5268.06,4477.85,6058.27,2026-03-03,Agmarknet_2024
Rajasthan,mungbean,8302.46,7057.09,9547.83,2026-03-03,Agmarknet_2024
Rajasthan,blackgram,6399.73,5439.77,7359.69,2026-03-03,Agmarknet_2024
Rajasthan,lentil,5933.3,5043.3,6823.29,2026-03-03,Agmarknet_2024
Rajasthan,pomegranate,7957.48,6763.86,9151.11,2026-03-03,Agmarknet_2024
Rajasthan,banana,2464.82,2095.1,2834.55,2026-03-03,Agmarknet_2024
Rajasthan,mango,4215.75,3583.39,4848.12,2026-03-03,Agmarknet_2024
Rajasthan,grapes,5794.06,4924.95,6663.17,2026-03-03,Agmarknet_2024
Rajasthan,watermelon,1187.29,1009.2,1365.39,2026-03-03,Agmarknet_2024
Rajasthan,muskmelon,2521.66,2143.41,2899.91,2026-03-03,Agmarknet_2024
Rajasthan,apple,8606.24,7315.3,9897.18,2026-03-03,Agmarknet_2024
Rajasthan,orange,3602.64,3062.24,4143.03,2026-03-03,Agmarknet_2024
Rajasthan,papaya,1948.8,1656.48,2241.12,2026-03-03,Agmarknet_2024
Rajasthan,coconut,3347.6,2845.46,3849.74,2026-03-03,Agmarknet_2024
Rajasthan,cotton,6735.37,5725.06,7745.67,2026-03-03,Agmarknet_2024
Rajasthan,jute,4714.51,4007.34,5421.69,2026-03-03,Agmarknet_2024
Rajasthan,coffee,12386.79,10528.77,14244.81,2026-03-03,Agmarknet_2024
Rajasthan,tea,26833.94,22808.85,30859.03,2026-03-03,Agmarknet_2024
Rajasthan,mustard,6034.27,5129.13,6939.41,2026-03-03,Agmarknet_2024
Rajasthan,tomato,2274.76,1933.55,2615.98,2026-03-03,Agmarknet_2024
Rajasthan,onion,2456.8,2088.28,2825.32,2026-03-03,Agmarknet_2024
Rajasthan,potato,1812.79,1540.87,2084.71,2026-03-03,Agmarknet_2024
Rajasthan,brinjal,2741.24,2330.05,3152.43,2026-03-03,Agmarknet_2024
Rajasthan,green chilli,5406.84,4595.81,6217.87,2026-03-03,Agmarknet_2024
Rajasthan,carrot,2616.37,2223.91,3008.82,2026-03-03,Agmarknet_2024
Rajasthan,cabbage,1915.27,1627.98,2202.56,2026-03-03,Agmarknet_2024
Rajasthan,cauliflower,2401.44,2041.22,2761.65,2026-03-03,Agmarknet_2024
Rajasthan,bottle gourd,1941.04,1649.89,2232.2,2026-03-03,Agmarknet_2024
Rajasthan,bitter gourd,4939.47,4198.55,5680.39,2026-03-03,Agmarknet_2024
Rajasthan,pumpkin,2001.17,1701.0,2301.35,2026-03-03,Agmarknet_2024
Rajasthan,bhindi,3241.83,2755.56,3728.11,2026-03-03,Agmarknet_2024
Rajasthan,garlic,5547.08,4715.02,6379.14,2026-03-03,Agmarknet_2024
Rajasthan,ginger,7823.65,6650.11,8997.2,2026-03-03,Agmarknet_2024
Rajasthan,coriander,7941.43,6750.22,9132.64,2026-03-03,Agmarknet_2024
Rajasthan,drumstick,4107.94,3491.75,4724.13,2026-03-03,Agmarknet_2024
Rajasthan,sweet potato,2197.56,1867.92,2527.19,2026-03-03,Agmarknet_2024
Rajasthan,tapioca,1622.68,1379.28,1866.09,2026-03-03,Agmarknet_2024
Maharashtra,rice,2113.93,1796.84,2431.02,2026-03-03,Agmarknet_2024
Maharashtra,wheat,2356.33,2002.88,2709.78,2026-03-03,Agmarknet_2024
Maharashtra,maize,2289.69,1946.24,2633.15,2026-03-03,Agmarknet_2024
Maharashtra,chickpea,5599.94,4759.95,6439.93,2026-03-03,Agmarknet_2024
Maharashtra,kidneybeans,6096.8,5182.28,7011.32,2026-03-03,Agmarknet_2024
Maharashtra,pigeonpeas,7224.57,6140.89,8308.26,2026-03-03,Agmarknet_2024
Maharashtra,mothbeans,5627.54,4783.41,6471.67,2026-03-03,Agmarknet_2024
Maharashtra,mungbean,8199.26,6969.37,9429.15,2026-03-03,Agmarknet_2024
Maharashtra,blackgram,6314.94,5367.69,7262.18,2026-03-03,Agmarknet_2024
Maharashtra,lentil,5688.88,4835.55,6542.22,2026-03-03,Agmarknet_2024
Maharashtra,pomegranate,7652.14,6504.32,8799.97,2026-03-03,Agmarknet_2024
Maharashtra,banana,2508.86,2132.53,2885.19,2026-03-03,Agmarknet_2024
Maharashtra,mango,4909.11,4172.74,5645.47,2026-03-03,Agmarknet_2024
Maharashtra,grapes,6028.71,5124.41,6933.02,2026-03-03,Agmarknet_2024
Maharashtra,watermelon,1124.27,955.63,1292.91,2026-03-03,Agmarknet_2024
Maharashtra,muskmelon,2748.28,2336.04,3160.52,2026-03-03,Agmarknet_2024
Maharashtra,apple,7649.88,6502.4,8797.36,2026-03-03,Agmarknet_2024
Maharashtra,orange,3438.27,2922.53,3954.01,2026-03-03,Agmarknet_2024
Maharashtra,papaya,1815.31,1543.02,2087.61,2026-03-03,Agmarknet_2024
Maharashtra,coconut,3766.81,3201.79,4331.83,2026-03-03,Agmarknet_2024
Maharashtra,cotton,7427.77,6313.61,8541.94,2026-03-03,Agmarknet_2024
Maharashtra,jute,4893.36,4159.35,5627.36,2026-03-03,Agmarknet_2024
Maharashtra,coffee,12972.17,11026.34,14918.0,2026-03-03,Agmarknet_2024
Maharashtra,tea,22899.52,19464.59,26334.44,2026-03-03,Agmarknet_2024
Maharashtra,mustard,5485.77,4662.9,6308.63,2026-03-03,Agmarknet_2024
Maharashtra,tomato,2683.2,2280.72,3085.68,2026-03-03,Agmarknet_2024
Maharashtra,onion,2433.32,2068.32,2798.32,2026-03-03,Agmarknet_2024
Maharashtra,potato,1886.63,1603.64,2169.63,2026-03-03,Agmarknet_2024
Maharashtra,brinjal,2596.43,2206.96,2985.89,2026-03-03,Agmarknet_2024
Maharashtra,green chilli,5953.71,5060.66,6846.77,2026-03-03,Agmarknet_2024
Maharashtra,carrot,2643.79,2247.22,3040.36,2026-03-03,Agmarknet_2024
Maharashtra,cabbage,1817.21,1544.63,2089.79,2026-03-03,Agmarknet_2024
Maharashtra,cauliflower,2719.34,2311.44,3127.25,2026-03-03,Agmarknet_2024
Maharashtra,bottle gourd,2088.61,1775.32,2401.9,2026-03-03,Agmarknet_2024
Maharashtra,bitter gourd,4705.6,3999.76,5411.45,2026-03-03,Agmarknet_2024
Maharashtra,pumpkin,2030.53,1725.95,2335.11,2026-03-03,Agmarknet_2024
Maharashtra,bhindi,3815.44,3243.13,4387.76,2026-03-03,Agmarknet_2024
Maharashtra,garlic,5624.07,4780.46,6467.68,2026-03-03,Agmarknet_2024
Maharashtra,ginger,7768.9,6603.57,8934.24,2026-03-03,Agmarknet_2024
Maharashtra,coriander,8209.96,6978.46,9441.45,2026-03-03,Agmarknet_2024
Maharashtra,drumstick,3879.27,3297.38,4461.15,2026-03-03,Agmarknet_2024
Maharashtra,sweet potato,2104.58,1788.89,2420.26,2026-03-03,Agmarknet_2024
Maharashtra,tapioca,1583.62,1346.08,1821.17,2026-03-03,Agmarknet_2024
West Bengal,rice,2029.48,1725.06,2333.9,2026-03-03,Agmarknet_2024
West Bengal,wheat,2316.7,1969.2,2664.21,2026-03-03,Agmarknet_2024
West Bengal,maize,2291.47,1947.75,2635.18,2026-03-03,Agmarknet_2024
West Bengal,chickpea,5285.73,4492.87,6078.59,2026-03-03,Agmarknet_2024
West Bengal,kidneybeans,6381.51,5424.29,7338.74,2026-03-03,Agmarknet_2024
West Bengal,pigeonpeas,7246.51,6159.53,8333.49,2026-03-03,Agmarknet_2024
West Bengal,mothbeans,5043.99,4287.39,5800.59,2026-03-03,Agmarknet_2024
West Bengal,mungbean,7848.09,6670.87,9025.3,2026-03-03,Agmarknet_2024
West Bengal,blackgram,6942.31,5900.96,7983.66,2026-03-03,Agmarknet_2024
West Bengal,lentil,6375.04,5418.79,7331.3,2026-03-03,Agmarknet_2024
West Bengal,pomegranate,8188.23,6959.99,9416.46,2026-03-03,Agmarknet_2024
West Bengal,banana,2493.39,2119.38,2867.4,2026-03-03,Agmarknet_2024
West Bengal,mango,4834.92,4109.68,5560.15,2026-03-03,Agmarknet_2024
West Bengal,grapes,6163.04,5238.59,7087.5,2026-03-03,Agmarknet_2024
West Bengal,watermelon,1235.7,1050.34,1421.05,2026-03-03,Agmarknet_2024
West Bengal,muskmelon,2363.44,2008.93,2717.96,2026-03-03,Agmarknet_2024
West Bengal,apple,8595.33,7306.03,9884.63,2026-03-03,Agmarknet_2024
West Bengal,orange,3838.92,3263.08,4414.75,2026-03-03,Agmarknet_2024
West Bengal,papaya,2020.71,1717.61,2323.82,2026-03-03,Agmarknet_2024
West Bengal,coconut,3665.61,3115.77,4215.45,2026-03-03,Agmarknet_2024
West Bengal,cotton,7148.58,6076.29,8220.87,2026-03-03,Agmarknet_2024
West Bengal,jute,4441.96,3775.66,5108.25,2026-03-03,Agmarknet_2024
West Bengal,coffee,12395.99,10536.6,14255.39,2026-03-03,Agmarknet_2024
West Bengal,tea,26564.63,22579.94,30549.33,2026-03-03,Agmarknet_2024
West Bengal,mustard,5699.47,4844.55,6554.39,2026-03-03,Agmarknet_2024
West Bengal,tomato,2475.57,2104.23,2846.9,2026-03-03,Agmarknet_2024
West Bengal,onion,2289.17,1945.79,2632.55,2026-03-03,Agmarknet_2024
West Bengal,potato,1735.43,1475.11,1995.74,2026-03-03,Agmarknet_2024
West Bengal,brinjal,2536.73,2156.22,2917.24,2026-03-03,Agmarknet_2024
West Bengal,green chilli,5444.87,4628.14,6261.61,2026-03-03,Agmarknet_2024
West Bengal,carrot,2283.8,1941.23,2626.36,2026-03-03,Agmarknet_2024
West Bengal,cabbage,1721.01,1462.86,1979.16,2026-03-03,Agmarknet_2024
West Bengal,cauliflower,2571.51,2185.78,2957.23,2026-03-03,Agmarknet_2024
West Bengal,bottle gourd,1805.98,1535.09,2076.88,2026-03-03,Agmarknet_2024
West Bengal,bitter gourd,4573.81,3887.74,5259.89,2026-03-03,Agmarknet_2024
West Bengal,pumpkin,1993.32,1694.32,2292.32,2026-03-03,Agmarknet_2024
West Bengal,bhindi,3592.79,3053.88,4131.71,2026-03-03,Agmarknet_2024
West Bengal,garlic,5794.61,4925.42,6663.8,2026-03-03,Agmarknet_2024
West Bengal,ginger,8125.31,6906.52,9344.11,2026-03-03,Agmarknet_2024
West Bengal,coriander,8764.98,7450.23,10079.72,2026-03-03,Agmarknet_2024
West Bengal,drumstick,4129.09,3509.73,4748.45,2026-03-03,Agmarknet_2024
West Bengal,sweet potato,2299.39,1954.48,2644.3,2026-03-03,Agmarknet_2024
West Bengal,tapioca,1449.31,1231.91,1666.7,2026-03-03,Agmarknet_2024
Bihar,rice,2139.17,1818.29,2460.04,2026-03-03,Agmarknet_2024
Bihar,wheat,2159.23,1835.35,2483.12,2026-03-03,Agmarknet_2024
Bihar,maize,2228.02,1893.82,2562.22,2026-03-03,Agmarknet_2024
Bihar,chickpea,5187.55,4409.42,5965.68,2026-03-03,Agmarknet_2024
Bihar,kidneybeans,7000.48,5950.41,8050.55,2026-03-03,Agmarknet_2024
Bihar,pigeonpeas,7647.64,6500.5,8794.79,2026-03-03,Agmarknet_2024
Bihar,mothbeans,5855.81,4977.44,6734.19,2026-03-03,Agmarknet_2024
Bihar,mungbean,9269.04,7878.68,10659.39,2026-03-03,Agmarknet_2024
Bihar,blackgram,6938.65,5897.85,7979.44,2026-03-03,Agmarknet_2024
Bihar,lentil,6345.72,5393.86,7297.58,2026-03-03,Agmarknet_2024
Bihar,pomegranate,8774.17,7458.05,10090.3,2026-03-03,Agmarknet_2024
Bihar,banana,2284.13,1941.51,2626.75,2026-03-03,Agmarknet_2024
Bihar,mango,4495.46,3821.14,5169.77,2026-03-03,Agmarknet_2024
Bihar,grapes,5936.48,5046.01,6826.95,2026-03-03,Agmarknet_2024
Bihar,watermelon,1084.51,921.83,1247.19,2026-03-03,Agmarknet_2024
Bihar,muskmelon,2357.69,2004.03,2711.34,2026-03-03,Agmarknet_2024
Bihar,apple,7884.29,6701.65,9066.93,2026-03-03,Agmarknet_2024
Bihar,orange,3734.63,3174.43,4294.82,2026-03-03,Agmarknet_2024
Bihar,papaya,1999.57,1699.63,2299.5,2026-03-03,Agmarknet_2024
Bihar,coconut,3250.35,2762.79,3737.9,2026-03-03,Agmarknet_2024
Bihar,cotton,6771.65,5755.9,7787.4,2026-03-03,Agmarknet_2024
Bihar,jute,4408.91,3747.57,5070.25,2026-03-03,Agmarknet_2024
Bihar,coffee,11990.97,10192.33,13789.62,2026-03-03,Agmarknet_2024
Bihar,tea,24625.58,20931.74,28319.42,2026-03-03,Agmarknet_2024
Bihar,mustard,5070.38,4309.82,5830.93,2026-03-03,Agmarknet_2024
Bihar,tomato,2719.57,2311.64,3127.51,2026-03-03,Agmarknet_2024
Bihar,onion,2536.89,2156.36,2917.43,2026-03-03,Agmarknet_2024
Bihar,potato,1734.33,1474.18,1994.48,2026-03-03,Agmarknet_2024
Bihar,brinjal,2398.07,2038.36,2757.78,2026-03-03,Agmarknet_2024
Bihar,green chilli,5545.69,4713.84,6377.55,2026-03-03,Agmarknet_2024
Bihar,carrot,2522.19,2143.86,2900.52,2026-03-03,Agmarknet_2024
Bihar,cabbage,1938.59,1647.8,2229.38,2026-03-03,Agmarknet_2024
Bihar,cauliflower,2404.64,2043.94,2765.34,2026-03-03,Agmarknet_2024
Bihar,bottle gourd,2167.76,1842.6,2492.93,2026-03-03,Agmarknet_2024
Bihar,bitter gourd,4488.43,3815.17,5161.7,2026-03-03,Agmarknet_2024
Bihar,pumpkin,1964.25,1669.62,2258.89,2026-03-03,Agmarknet_2024
Bihar,bhindi,3439.08,2923.21,3954.94,2026-03-03,Agmarknet_2024
Bihar,garlic,5526.0,4697.1,6354.9,2026-03-03,Agmarknet_2024
Bihar,ginger,7796.15,6626.72,8965.57,2026-03-03,Agmarknet_2024
Bihar,coriander,7596.65,6457.15,8736.14,2026-03-03,Agmarknet_2024
Bihar,drumstick,3865.81,3285.94,4445.68,2026-03-03,Agmarknet_2024
Bihar,sweet potato,2384.24,2026.61,2741.88,2026-03-03,Agmarknet_2024
Bihar,tapioca,1587.96,1349.76,1826.15,2026-03-03,Agmarknet_2024
Odisha,rice,1942.87,1651.44,2234.3,2026-03-03,Agmarknet_2024
Odisha,wheat,2257.17,1918.6,2595.75,2026-03-03,Agmarknet_2024
Odisha,maize,2089.88,1776.4,2403.36,2026-03-03,Agmarknet_2024
Odisha,chickpea,5562.26,4727.92,6396.6,2026-03-03,Agmarknet_2024
Odisha,kidneybeans,6403.97,5443.38,7364.57,2026-03-03,Agmarknet_2024
Odisha,pigeonpeas,7626.89,6482.86,8770.93,2026-03-03,Agmarknet_2024
Odisha,mothbeans,6010.04,5108.53,6911.54,2026-03-03,Agmarknet_2024
Odisha,mungbean,8633.79,7338.72,9928.85,2026-03-03,Agmarknet_2024
Odisha,blackgram,6084.05,5171.45,6996.66,2026-03-03,Agmarknet_2024
Odisha,lentil,6302.71,5357.31,7248.12,2026-03-03,Agmarknet_2024
Odisha,pomegranate,7717.64,6560.0,8875.29,2026-03-03,Agmarknet_2024
Odisha,banana,2315.51,1968.19,2662.84,2026-03-03,Agmarknet_2024
Odisha,mango,4063.23,3453.74,4672.71,2026-03-03,Agmarknet_2024
Odisha,grapes,6447.65,5480.5,7414.8,2026-03-03,Agmarknet_2024
Odisha,watermelon,1096.59,932.1,1261.07,2026-03-03,Agmarknet_2024
Odisha,muskmelon,2569.69,2184.24,2955.15,2026-03-03,Agmarknet_2024
Odisha,apple,8617.52,7324.89,9910.15,2026-03-03,Agmarknet_2024
Odisha,orange,3245.82,2758.95,3732.69,2026-03-03,Agmarknet_2024
Odisha,papaya,2148.99,1826.64,2471.34,2026-03-03,Agmarknet_2024
Odisha,coconut,3383.63,2876.08,3891.17,2026-03-03,Agmarknet_2024
Odisha,cotton,6154.28,5231.14,7077.42,2026-03-03,Agmarknet_2024
Odisha,jute,4694.26,3990.12,5398.4,2026-03-03,Agmarknet_2024
Odisha,coffee,13118.64,11150.85,15086.44,2026-03-03,Agmarknet_2024
Odisha,tea,22630.18,19235.65,26024.71,2026-03-03,Agmarknet_2024
Odisha,mustard,5831.28,4956.59,6705.97,2026-03-03,Agmarknet_2024
Odisha,tomato,2408.48,2047.21,2769.75,2026-03-03,Agmarknet_2024
Odisha,onion,2505.8,2129.93,2881.67,2026-03-03,Agmarknet_2024
Odisha,potato,1881.65,1599.4,2163.9,2026-03-03,Agmarknet_2024
Odisha,brinjal,2481.65,2109.41,2853.9,2026-03-03,Agmarknet_2024
Odisha,green chilli,6320.92,5372.78,7269.06,2026-03-03,Agmarknet_2024
Odisha,carrot,2633.61,2238.57,3028.65,2026-03-03,Agmarknet_2024
Odisha,cabbage,1737.28,1476.69,1997.87,2026-03-03,Agmarknet_2024
Odisha,cauliflower,2475.33,2104.03,2846.62,2026-03-03,Agmarknet_2024
Odisha,bottle gourd,1873.14,1592.17,2154.11,2026-03-03,Agmarknet_2024
Odisha,bitter gourd,4817.2,4094.62,5539.78,2026-03-03,Agmarknet_2024
Odisha,pumpkin,1831.97,1557.18,2106.77,2026-03-03,Agmarknet_2024
Odisha,bhindi,3835.2,3259.92,4410.48,2026-03-03,Agmarknet_2024
Odisha,garlic,6339.83,5388.86,7290.81,2026-03-03,Agmarknet_2024
Odisha,ginger,8099.03,6884.18,9313.88,2026-03-03,Agmarknet_2024
Odisha,coriander,7550.62,6418.03,8683.22,2026-03-03,Agmarknet_2024
Odisha,drumstick,4344.75,3693.03,4996.46,2026-03-03,Agmarknet_2024
Odisha,sweet potato,2342.19,1990.86,2693.52,2026-03-03,Agmarknet_2024
Odisha,tapioca,1591.02,1352.36,1829.67,2026-03-03,Agmarknet_2024
Assam,rice,2138.2,1817.47,2458.93,2026-03-03,Agmarknet_2024
Assam,wheat,2062.74,1753.33,2372.15,2026-03-03,Agmarknet_2024
Assam,maize,2041.22,1735.03,2347.4,2026-03-03,Agmarknet_2024
Assam,chickpea,5274.74,4483.53,6065.95,2026-03-03,Agmarknet_2024
Assam,kidneybeans,6589.88,5601.39,7578.36,2026-03-03,Agmarknet_2024
Assam,pigeonpeas,7450.51,6332.93,8568.08,2026-03-03,Agmarknet_2024
Assam,mothbeans,5259.68,4470.73,6048.63,2026-03-03,Agmarknet_2024
Assam,mungbean,8914.24,7577.1,10251.38,2026-03-03,Agmarknet_2024
Assam,blackgram,6956.33,5912.88,7999.78,2026-03-03,Agmarknet_2024
Assam,lentil,6243.08,5306.62,7179.54,2026-03-03,Agmarknet_2024
Assam,pomegranate,7430.87,6316.24,8545.5,2026-03-03,Agmarknet_2024
Assam,banana,2481.27,2109.08,2853.46,2026-03-03,Agmarknet_2024
Assam,mango,4212.87,3580.94,4844.8,2026-03-03,Agmarknet_2024
Assam,grapes,6535.81,5555.44,7516.18,2026-03-03,Agmarknet_2024
Assam,watermelon,1130.32,960.77,1299.87,2026-03-03,Agmarknet_2024
Assam,muskmelon,2492.85,2118.93,2866.78,2026-03-03,Agmarknet_2024
Assam,apple,7779.46,6612.54,8946.38,2026-03-03,Agmarknet_2024
Assam,orange,3270.68,2780.08,3761.28,2026-03-03,Agmarknet_2024
Assam,papaya,1933.0,1643.05,2222.95,2026-03-03,Agmarknet_2024
Assam,coconut,3183.44,2705.92,3660.95,2026-03-03,Agmarknet_2024
Assam,cotton,6707.87,5701.69,7714.05,2026-03-03,Agmarknet_2024
Assam,jute,4392.59,3733.7,5051.48,2026-03-03,Agmarknet_2024
Assam,coffee,12120.59,10302.5,13938.68,2026-03-03,Agmarknet_2024
Assam,tea,27224.13,23140.51,31307.75,2026-03-03,Agmarknet_2024
Assam,mustard,5811.14,4939.47,6682.81,2026-03-03,Agmarknet_2024
Assam,tomato,2699.03,2294.18,3103.89,2026-03-03,Agmarknet_2024
Assam,onion,2470.3,2099.76,2840.85,2026-03-03,Agmarknet_2024
Assam,potato,1728.85,1469.52,1988.18,2026-03-03,Agmarknet_2024
Assam,brinjal,2732.17,2322.34,3141.99,2026-03-03,Agmarknet_2024
Assam,green chilli,6553.08,5570.12,7536.04,2026-03-03,Agmarknet_2024
Assam,carrot,2357.63,2003.98,2711.27,2026-03-03,Agmarknet_2024
Assam,cabbage,1670.46,1419.89,1921.03,2026-03-03,Agmarknet_2024
Assam,cauliflower,2526.71,2147.7,2905.72,2026-03-03,Agmarknet_2024
Assam,bottle gourd,2052.64,1744.74,2360.54,2026-03-03,Agmarknet_2024
Assam,bitter gourd,4604.14,3913.52,5294.76,2026-03-03,Agmarknet_2024
Assam,pumpkin,2129.76,1810.3,2449.23,2026-03-03,Agmarknet_2024
Assam,bhindi,3666.21,3116.28,4216.15,2026-03-03,Agmarknet_2024
Assam,garlic,6139.4,5218.49,7060.31,2026-03-03,Agmarknet_2024
Assam,ginger,7927.75,6738.59,9116.92,2026-03-03,Agmarknet_2024
Assam,coriander,8063.81,6854.23,9273.38,2026-03-03,Agmarknet_2024
Assam,drumstick,4000.91,3400.77,4601.05,2026-03-03,Agmarknet_2024
Assam,sweet potato,2258.04,1919.34,2596.75,2026-03-03,Agmarknet_2024
Assam,tapioca,1487.31,1264.21,1710.41,2026-03-03,Agmarknet_2024
Karnataka,rice,2044.24,1737.61,2350.88,2026-03-03,Agmarknet_2024
Karnataka,wheat,2324.03,1975.43,2672.64,2026-03-03,Agmarknet_2024
Karnataka,maize,2282.9,1940.47,2625.34,2026-03-03,Agmarknet_2024
Karnataka,chickpea,5421.56,4608.33,6234.8,2026-03-03,Agmarknet_2024
Karnataka,kidneybeans,6492.08,5518.27,7465.9,2026-03-03,Agmarknet_2024
Karnataka,pigeonpeas,6912.27,5875.43,7949.11,2026-03-03,Agmarknet_2024
Karnataka,mothbeans,5608.92,4767.58,6450.26,2026-03-03,Agmarknet_2024
Karnataka,mungbean,8633.21,7338.23,9928.2,2026-03-03,Agmarknet_2024
Karnataka,blackgram,6422.53,5459.15,7385.91,2026-03-03,Agmarknet_2024
Karnataka,lentil,5960.37,5066.32,6854.43,2026-03-03,Agmarknet_2024
Karnataka,pomegranate,8370.38,7114.82,9625.93,2026-03-03,Agmarknet_2024
Karnataka,banana,2271.6,1930.86,2612.35,2026-03-03,Agmarknet_2024
Karnataka,mango,4562.36,3878.01,5246.72,2026-03-03,Agmarknet_2024
Karnataka,grapes,6573.18,5587.2,7559.16,2026-03-03,Agmarknet_2024
Karnataka,watermelon,1271.14,1080.47,1461.81,2026-03-03,Agmarknet_2024
Karnataka,muskmelon,2608.1,2216.88,2999.31,2026-03-03,Agmarknet_2024
Karnataka,apple,8592.68,7303.78,9881.58,2026-03-03,Agmarknet_2024
Karnataka,orange,3737.93,3177.24,4298.62,2026-03-03,Agmarknet_2024
Karnataka,papaya,2024.41,1720.75,2328.08,2026-03-03,Agmarknet_2024
Karnataka,coconut,3563.49,3028.97,4098.02,2026-03-03,Agmarknet_2024
Karnataka,cotton,6583.31,5595.81,7570.8,2026-03-03,Agmarknet_2024
Karnataka,jute,4327.16,3678.08,4976.23,2026-03-03,Agmarknet_2024
Karnataka,coffee,10831.62,9206.88,12456.36,2026-03-03,Agmarknet_2024
Karnataka,tea,27246.69,23159.69,31333.7,2026-03-03,Agmarknet_2024
Karnataka,mustard,5628.02,4783.82,6472.22,2026-03-03,Agmarknet_2024
Karnataka,tomato,2660.48,2261.4,3059.55,2026-03-03,Agmarknet_2024
Karnataka,onion,2271.68,1930.93,2612.44,2026-03-03,Agmarknet_2024
Karnataka,potato,1687.11,1434.04,1940.18,2026-03-03,Agmarknet_2024
Karnataka,brinjal,2576.31,2189.87,2962.76,2026-03-03,Agmarknet_2024
Karnataka,green chilli,5787.45,4919.33,6655.56,2026-03-03,Agmarknet_2024
Karnataka,carrot,2385.0,2027.25,2742.76,2026-03-03,Agmarknet_2024
Karnataka,cabbage,1957.97,1664.28,2251.67,2026-03-03,Agmarknet_2024
Karnataka,cauliflower,2371.96,2016.16,2727.75,2026-03-03,Agmarknet_2024
Karnataka,bottle gourd,1902.92,1617.48,2188.36,2026-03-03,Agmarknet_2024
Karnataka,bitter gourd,4798.23,4078.49,5517.96,2026-03-03,Agmarknet_2024
Karnataka,pumpkin,2129.33,1809.93,2448.72,2026-03-03,Agmarknet_2024
Karnataka,bhindi,3571.83,3036.06,4107.61,2026-03-03,Agmarknet_2024
Karnataka,garlic,6433.38,5468.37,7398.38,2026-03-03,Agmarknet_2024
Karnataka,ginger,7470.92,6350.28,8591.55,2026-03-03,Agmarknet_2024
Karnataka,coriander,7593.75,6454.69,8732.81,2026-03-03,Agmarknet_2024
Karnataka,drumstick,4123.82,3505.25,4742.39,2026-03-03,Agmarknet_2024
Karnataka,sweet potato,2377.84,2021.16,2734.51,2026-03-03,Agmarknet_2024
Karnataka,tapioca,1581.6,1344.36,1818.84,2026-03-03,Agmarknet_2024
Andhra Pradesh,rice,2355.34,2002.04,2708.64,2026-03-03,Agmarknet_2024
Andhra Pradesh,wheat,2485.46,2112.64,2858.28,2026-03-03,Agmarknet_2024
Andhra Pradesh,maize,2043.98,1737.39,2350.58,2026-03-03,Agmarknet_2024
Andhra Pradesh,chickpea,5366.74,4561.73,6171.75,2026-03-03,Agmarknet_2024
Andhra Pradesh,kidneybeans,6957.46,5913.84,8001.08,2026-03-03,Agmarknet_2024
Andhra Pradesh,pigeonpeas,7250.36,6162.81,8337.92,2026-03-03,Agmarknet_2024
Andhra Pradesh,mothbeans,4995.28,4245.98,5744.57,2026-03-03,Agmarknet_2024
Andhra Pradesh,mungbean,8380.99,7123.84,9638.13,2026-03-03,Agmarknet_2024
Andhra Pradesh,blackgram,6434.18,5469.05,7399.31,2026-03-03,Agmarknet_2024
Andhra Pradesh,lentil,5524.82,4696.1,6353.54,2026-03-03,Agmarknet_2024
Andhra Pradesh,pomegranate,7618.57,6475.78,8761.35,2026-03-03,Agmarknet_2024
Andhra Pradesh,banana,2709.63,2303.18,3116.07,2026-03-03,Agmarknet_2024
Andhra Pradesh,mango,4131.59,3511.85,4751.33,2026-03-03,Agmarknet_2024
Andhra Pradesh,grapes,6215.69,5283.34,7148.04,2026-03-03,Agmarknet_2024
Andhra Pradesh,watermelon,1314.66,1117.46,1511.86,2026-03-03,Agmarknet_2024
Andhra Pradesh,muskmelon,2583.15,2195.68,2970.62,2026-03-03,Agmarknet_2024
Andhra Pradesh,apple,8489.29,7215.9,9762.68,2026-03-03,Agmarknet_2024
Andhra Pradesh,orange,3347.09,2845.03,3849.16,2026-03-03,Agmarknet_2024
Andhra Pradesh,papaya,1830.71,1556.1,2105.32,2026-03-03,Agmarknet_2024
Andhra Pradesh,coconut,3438.42,2922.65,3954.18,2026-03-03,Agmarknet_2024
Andhra Pradesh,cotton,6792.41,5773.55,7811.27,2026-03-03,Agmarknet_2024
Andhra Pradesh,jute,4806.03,4085.13,5526.94,2026-03-03,Agmarknet_2024
Andhra Pradesh,coffee,10875.67,9244.32,12507.01,2026-03-03,Agmarknet_2024
Andhra Pradesh,tea,23242.62,19756.23,26729.01,2026-03-03,Agmarknet_2024
Andhra Pradesh,mustard,5116.6,4349.11,5884.09,2026-03-03,Agmarknet_2024
Andhra Pradesh,tomato,2719.58,2311.64,3127.51,2026-03-03,Agmarknet_2024
Andhra Pradesh,onion,2740.66,2329.56,3151.76,2026-03-03,Agmarknet_2024
Andhra Pradesh,potato,1817.14,1544.57,2089.71,2026-03-03,Agmarknet_2024
Andhra Pradesh,brinjal,2685.55,2282.72,3088.38,2026-03-03,Agmarknet_2024
Andhra Pradesh,green chilli,6512.41,5535.55,7489.28,2026-03-03,Agmarknet_2024
Andhra Pradesh,carrot,2711.53,2304.8,3118.26,2026-03-03,Agmarknet_2024
Andhra Pradesh,cabbage,1624.38,1380.73,1868.04,2026-03-03,Agmarknet_2024
Andhra Pradesh,cauliflower,2360.48,2006.41,2714.56,2026-03-03,Agmarknet_2024
Andhra Pradesh,bottle gourd,2035.25,1729.97,2340.54,2026-03-03,Agmarknet_2024
Andhra Pradesh,bitter gourd,4349.82,3697.35,5002.3,2026-03-03,Agmarknet_2024
Andhra Pradesh,pumpkin,1886.85,1603.82,2169.87,2026-03-03,Agmarknet_2024
Andhra Pradesh,bhindi,3685.17,3132.39,4237.94,2026-03-03,Agmarknet_2024
Andhra Pradesh,garlic,5726.08,4867.17,6584.99,2026-03-03,Agmarknet_2024
Andhra Pradesh,ginger,8716.63,7409.14,10024.12,2026-03-03,Agmarknet_2024
Andhra Pradesh,coriander,8609.67,7318.22,9901.12,2026-03-03,Agmarknet_2024
Andhra Pradesh,drumstick,4131.34,3511.64,4751.04,2026-03-03,Agmarknet_2024
Andhra Pradesh,sweet potato,2124.51,1805.83,2443.18,2026-03-03,Agmarknet_2024
Andhra Pradesh,tapioca,1504.72,1279.01,1730.43,2026-03-03,Agmarknet_2024
Telangana,rice,2356.48,2003.01,2709.96,2026-03-03,Agmarknet_2024
Telangana,wheat,2268.36,1928.11,2608.62,2026-03-03,Agmarknet_2024
Telangana,maize,2049.12,1741.75,2356.49,2026-03-03,Agmarknet_2024
Telangana,chickpea,5961.07,5066.91,6855.24,2026-03-03,Agmarknet_2024
Telangana,kidneybeans,6535.87,5555.49,7516.25,2026-03-03,Agmarknet_2024
Telangana,pigeonpeas,7808.48,6637.21,8979.75,2026-03-03,Agmarknet_2024
Telangana,mothbeans,5603.18,4762.7,6443.66,2026-03-03,Agmarknet_2024
Telangana,mungbean,9127.21,7758.13,10496.29,2026-03-03,Agmarknet_2024
Telangana,blackgram,6355.11,5401.85,7308.38,2026-03-03,Agmarknet_2024
Telangana,lentil,6405.15,5444.37,7365.92,2026-03-03,Agmarknet_2024
Telangana,pomegranate,7204.08,6123.47,8284.7,2026-03-03,Agmarknet_2024
Telangana,banana,2423.98,2060.38,2787.58,2026-03-03,Agmarknet_2024
Telangana,mango,4511.06,3834.4,5187.72,2026-03-03,Agmarknet_2024
Telangana,grapes,5707.57,4851.43,6563.7,2026-03-03,Agmarknet_2024
Telangana,watermelon,1152.89,979.95,1325.82,2026-03-03,Agmarknet_2024
Telangana,muskmelon,2363.35,2008.85,2717.86,2026-03-03,Agmarknet_2024
Telangana,apple,8795.32,7476.02,10114.62,2026-03-03,Agmarknet_2024
Telangana,orange,3683.97,3131.38,4236.57,2026-03-03,Agmarknet_2024
Telangana,papaya,2040.46,1734.39,2346.53,2026-03-03,Agmarknet_2024
Telangana,coconut,3692.24,3138.41,4246.08,2026-03-03,Agmarknet_2024
Telangana,cotton,6018.27,5115.53,6921.01,2026-03-03,Agmarknet_2024
Telangana,jute,4792.82,4073.9,5511.74,2026-03-03,Agmarknet_2024
Telangana,coffee,11343.43,9641.92,13044.94,2026-03-03,Agmarknet_2024
Telangana,tea,24759.43,21045.51,28473.34,2026-03-03,Agmarknet_2024
Telangana,mustard,6000.87,5100.74,6901.0,2026-03-03,Agmarknet_2024
Telangana,tomato,2647.68,2250.52,3044.83,2026-03-03,Agmarknet_2024
Telangana,onion,2392.47,2033.6,2751.34,2026-03-03,Agmarknet_2024
Telangana,potato,1697.58,1442.94,1952.22,2026-03-03,Agmarknet_2024
Telangana,brinjal,2541.88,2160.59,2923.16,2026-03-03,Agmarknet_2024
Telangana,green chilli,5796.82,4927.29,6666.34,2026-03-03,Agmarknet_2024
Telangana,carrot,2619.65,2226.7,3012.6,2026-03-03,Agmarknet_2024
Telangana,cabbage,1957.73,1664.07,2251.39,2026-03-03,Agmarknet_2024
Telangana,cauliflower,2642.46,2246.09,3038.83,2026-03-03,Agmarknet_2024
Telangana,bottle gourd,1941.01,1649.86,2232.16,2026-03-03,Agmarknet_2024
Telangana,bitter gourd,4527.32,3848.22,5206.42,2026-03-03,Agmarknet_2024
Telangana,pumpkin,1984.67,1686.97,2282.37,2026-03-03,Agmarknet_2024
Telangana,bhindi,3381.45,2874.24,3888.67,2026-03-03,Agmarknet_2024
Telangana,garlic,5417.61,4604.97,6230.25,2026-03-03,Agmarknet_2024
Telangana,ginger,8003.75,6803.18,9204.31,2026-03-03,Agmarknet_2024
Telangana,coriander,8160.81,6936.69,9384.93,2026-03-03,Agmarknet_2024
Telangana,drumstick,3672.26,3121.42,4223.1,2026-03-03,Agmarknet_2024
Telangana,sweet potato,2201.37,1871.16,2531.57,2026-03-03,Agmarknet_2024
Telangana,tapioca,1531.16,1301.49,1760.84,2026-03-03,Agmarknet_2024
Chhattisgarh,rice,2207.71,1876.56,2538.87,2026-03-03,Agmarknet_2024
Chhattisgarh,wheat,2250.92,1913.28,2588.55,2026-03-03,Agmarknet_2024
Chhattisgarh,maize,1907.27,1621.18,2193.36,2026-03-03,Agmarknet_2024
Chhattisgarh,chickpea,5127.4,4358.29,5896.51,2026-03-03,Agmarknet_2024
Chhattisgarh,kidneybeans,7050.28,5992.74,8107.82,2026-03-03,Agmarknet_2024
Chhattisgarh,pigeonpeas,7272.97,6182.02,8363.91,2026-03-03,Agmarknet_2024
Chhattisgarh,mothbeans,5676.71,4825.2,6528.21,2026-03-03,Agmarknet_2024
Chhattisgarh,mungbean,8469.06,7198.7,9739.42,2026-03-03,Agmarknet_2024
Chhattisgarh,blackgram,6904.96,5869.22,7940.71,2026-03-03,Agmarknet_2024
Chhattisgarh,lentil,5594.45,4755.28,6433.62,2026-03-03,Agmarknet_2024
Chhattisgarh,pomegranate,7987.14,6789.07,9185.21,2026-03-03,Agmarknet_2024
Chhattisgarh,banana,2383.84,2026.26,2741.41,2026-03-03,Agmarknet_2024
Chhattisgarh,mango,4298.44,3653.68,4943.21,2026-03-03,Agmarknet_2024
Chhattisgarh,grapes,6260.63,5321.54,7199.73,2026-03-03,Agmarknet_2024
Chhattisgarh,watermelon,1193.14,1014.17,1372.11,2026-03-03,Agmarknet_2024
Chhattisgarh,muskmelon,2557.95,2174.26,2941.65,2026-03-03,Agmarknet_2024
Chhattisgarh,apple,7988.76,6790.45,9187.07,2026-03-03,Agmarknet_2024
Chhattisgarh,orange,3175.08,2698.82,3651.34,2026-03-03,Agmarknet_2024
Chhattisgarh,papaya,2166.12,1841.2,2491.04,2026-03-03,Agmarknet_2024
Chhattisgarh,coconut,3233.17,2748.19,3718.15,2026-03-03,Agmarknet_2024
Chhattisgarh,cotton,6788.82,5770.49,7807.14,2026-03-03,Agmarknet_2024
Chhattisgarh,jute,4656.46,3957.99,5354.92,2026-03-03,Agmarknet_2024
Chhattisgarh,coffee,11421.8,9708.53,13135.07,2026-03-03,Agmarknet_2024
Chhattisgarh,tea,23273.41,19782.4,26764.42,2026-03-03,Agmarknet_2024
Chhattisgarh,mustard,5011.07,4259.41,5762.73,2026-03-03,Agmarknet_2024
Chhattisgarh,tomato,2533.86,2153.78,2913.94,2026-03-03,Agmarknet_2024
Chhattisgarh,onion,2708.77,2302.46,3115.09,2026-03-03,Agmarknet_2024
Chhattisgarh,potato,1638.76,1392.95,1884.57,2026-03-03,Agmarknet_2024
Chhattisgarh,brinjal,2550.76,2168.15,2933.38,2026-03-03,Agmarknet_2024
Chhattisgarh,green chilli,6215.6,5283.26,7147.94,2026-03-03,Agmarknet_2024
Chhattisgarh,carrot,2710.61,2304.02,3117.21,2026-03-03,Agmarknet_2024
Chhattisgarh,cabbage,1663.16,1413.69,1912.64,2026-03-03,Agmarknet_2024
Chhattisgarh,cauliflower,2716.33,2308.88,3123.77,2026-03-03,Agmarknet_2024
Chhattisgarh,bottle gourd,1945.06,1653.3,2236.82,2026-03-03,Agmarknet_2024
Chhattisgarh,bitter gourd,4899.58,4164.64,5634.52,2026-03-03,Agmarknet_2024
Chhattisgarh,pumpkin,1851.46,1573.74,2129.18,2026-03-03,Agmarknet_2024
Chhattisgarh,bhindi,3753.36,3190.36,4316.37,2026-03-03,Agmarknet_2024
Chhattisgarh,garlic,6264.46,5324.79,7204.13,2026-03-03,Agmarknet_2024
Chhattisgarh,ginger,8134.02,6913.91,9354.12,2026-03-03,Agmarknet_2024
Chhattisgarh,coriander,7671.87,6521.09,8822.65,2026-03-03,Agmarknet_2024
Chhattisgarh,drumstick,3967.62,3372.48,4562.76,2026-03-03,Agmarknet_2024
Chhattisgarh,sweet potato,2369.15,2013.78,2724.52,2026-03-03,Agmarknet_2024
Chhattisgarh,tapioca,1465.5,1245.68,1685.33,2026-03-03,Agmarknet_2024
Jharkhand,rice,2312.72,1965.82,2659.63,2026-03-03,Agmarknet_2024
Jharkhand,wheat,2333.28,1983.28,2683.27,2026-03-03,Agmarknet_2024
Jharkhand,maize,2131.81,1812.04,2451.58,2026-03-03,Agmarknet_2024
Jharkhand,chickpea,5624.63,4780.94,6468.33,2026-03-03,Agmarknet_2024
Jharkhand,kidneybeans,6845.16,5818.38,7871.93,2026-03-03,Agmarknet_2024
Jharkhand,pigeonpeas,8026.1,6822.19,9230.02,2026-03-03,Agmarknet_2024
Jharkhand,mothbeans,5411.3,4599.6,6222.99,2026-03-03,Agmarknet_2024
Jharkhand,mungbean,8547.7,7265.55,9829.86,2026-03-03,Agmarknet_2024
Jharkhand,blackgram,6668.71,5668.4,7669.02,2026-03-03,Agmarknet_2024
Jharkhand,lentil,6592.4,5603.54,7581.25,2026-03-03,Agmarknet_2024
Jharkhand,pomegranate,8437.74,7172.08,9703.4,2026-03-03,Agmarknet_2024
Jharkhand,banana,2668.06,2267.85,3068.27,2026-03-03,Agmarknet_2024
Jharkhand,mango,4622.6,3929.21,5315.99,2026-03-03,Agmarknet_2024
Jharkhand,grapes,6137.07,5216.51,7057.64,2026-03-03,Agmarknet_2024
Jharkhand,watermelon,1153.65,980.6,1326.69,2026-03-03,Agmarknet_2024
Jharkhand,muskmelon,2453.76,2085.7,2821.83,2026-03-03,Agmarknet_2024
Jharkhand,apple,7208.81,6127.49,8290.13,2026-03-03,Agmarknet_2024
Jharkhand,orange,3474.88,2953.65,3996.12,2026-03-03,Agmarknet_2024
Jharkhand,papaya,2002.88,1702.45,2303.31,2026-03-03,Agmarknet_2024
Jharkhand,coconut,3616.0,3073.6,4158.4,2026-03-03,Agmarknet_2024
Jharkhand,cotton,6197.24,5267.66,7126.83,2026-03-03,Agmarknet_2024
Jharkhand,jute,4800.12,4080.1,5520.14,2026-03-03,Agmarknet_2024
Jharkhand,coffee,13033.79,11078.72,14988.86,2026-03-03,Agmarknet_2024
Jharkhand,tea,22696.52,19292.04,26101.0,2026-03-03,Agmarknet_2024
Jharkhand,mustard,5827.79,4953.62,6701.96,2026-03-03,Agmarknet_2024
Jharkhand,tomato,2672.61,2271.72,3073.5,2026-03-03,Agmarknet_2024
Jharkhand,onion,2669.37,2268.97,3069.78,2026-03-03,Agmarknet_2024
Jharkhand,potato,1908.62,1622.33,2194.92,2026-03-03,Agmarknet_2024
Jharkhand,brinjal,2347.0,1994.95,2699.05,2026-03-03,Agmarknet_2024
Jharkhand,green chilli,6583.36,5595.86,7570.87,2026-03-03,Agmarknet_2024
Jharkhand,carrot,2633.97,2238.87,3029.06,2026-03-03,Agmarknet_2024
Jharkhand,cabbage,1702.75,1447.33,1958.16,2026-03-03,Agmarknet_2024
Jharkhand,cauliflower,2361.23,2007.04,2715.41,2026-03-03,Agmarknet_2024
Jharkhand,bottle gourd,2074.74,1763.53,2385.96,2026-03-03,Agmarknet_2024
Jharkhand,bitter gourd,4522.22,3843.89,5200.56,2026-03-03,Agmarknet_2024
Jharkhand,pumpkin,1860.86,1581.73,2139.99,2026-03-03,Agmarknet_2024
Jharkhand,bhindi,3196.89,2717.35,3676.42,2026-03-03,Agmarknet_2024
Jharkhand,garlic,5803.39,4932.88,6673.9,2026-03-03,Agmarknet_2024
Jharkhand,ginger,8618.32,7325.57,9911.07,2026-03-03,Agmarknet_2024
Jharkhand,coriander,8017.65,6815.0,9220.3,2026-03-03,Agmarknet_2024
Jharkhand,drumstick,3890.68,3307.08,4474.28,2026-03-03,Agmarknet_2024
Jharkhand,sweet potato,2091.59,1777.85,2405.33,2026-03-03,Agmarknet_2024
Jharkhand,tapioca,1383.16,1175.68,1590.63,2026-03-03,Agmarknet_2024
Uttarakhand,rice,2393.96,2034.86,2753.05,2026-03-03,Agmarknet_2024
Uttarakhand,wheat,2147.99,1825.79,2470.19,2026-03-03,Agmarknet_2024
Uttarakhand,maize,2207.6,1876.46,2538.74,2026-03-03,Agmarknet_2024
Uttarakhand,chickpea,5079.81,4317.84,5841.78,2026-03-03,Agmarknet_2024
Uttarakhand,kidneybeans,6282.54,5340.16,7224.93,2026-03-03,Agmarknet_2024
Uttarakhand,pigeonpeas,8077.15,6865.58,9288.72,2026-03-03,Agmarknet_2024
Uttarakhand,mothbeans,5750.02,4887.52,6612.53,2026-03-03,Agmarknet_2024
Uttarakhand,mungbean,7975.09,6778.83,9171.35,2026-03-03,Agmarknet_2024
Uttarakhand,blackgram,6494.14,5520.02,7468.27,2026-03-03,Agmarknet_2024
Uttarakhand,lentil,5815.45,4943.14,6687.77,2026-03-03,Agmarknet_2024
Uttarakhand,pomegranate,8433.75,7168.69,9698.81,2026-03-03,Agmarknet_2024
Uttarakhand,banana,2341.76,1990.5,2693.03,2026-03-03,Agmarknet_2024
Uttarakhand,mango,4948.4,4206.14,5690.66,2026-03-03,Agmarknet_2024
Uttarakhand,grapes,6521.98,5543.68,7500.27,2026-03-03,Agmarknet_2024
Uttarakhand,watermelon,1298.32,1103.57,1493.07,2026-03-03,Agmarknet_2024
Uttarakhand,muskmelon,2693.22,2289.24,3097.21,2026-03-03,Agmarknet_2024
Uttarakhand,apple,7472.2,6351.37,8593.03,2026-03-03,Agmarknet_2024
Uttarakhand,orange,3449.15,2931.78,3966.52,2026-03-03,Agmarknet_2024
Uttarakhand,papaya,2136.42,1815.96,2456.88,2026-03-03,Agmarknet_2024
Uttarakhand,coconut,3260.98,2771.83,3750.13,2026-03-03,Agmarknet_2024
Uttarakhand,cotton,6555.94,5572.55,7539.33,2026-03-03,Agmarknet_2024
Uttarakhand,jute,4484.4,3811.74,5157.06,2026-03-03,Agmarknet_2024
Uttarakhand,coffee,13158.28,11184.54,15132.03,2026-03-03,Agmarknet_2024
Uttarakhand,tea,24532.48,20852.61,28212.35,2026-03-03,Agmarknet_2024
Uttarakhand,mustard,5021.65,4268.4,5774.9,2026-03-03,Agmarknet_2024
Uttarakhand,tomato,2558.3,2174.55,2942.04,2026-03-03,Agmarknet_2024
Uttarakhand,onion,2475.38,2104.08,2846.69,2026-03-03,Agmarknet_2024
Uttarakhand,potato,1725.99,1467.09,1984.88,2026-03-03,Agmarknet_2024
Uttarakhand,brinjal,2637.48,2241.86,3033.1,2026-03-03,Agmarknet_2024
Uttarakhand,green chilli,6391.24,5432.55,7349.92,2026-03-03,Agmarknet_2024
Uttarakhand,carrot,2574.72,2188.51,2960.93,2026-03-03,Agmarknet_2024
Uttarakhand,cabbage,1947.25,1655.16,2239.34,2026-03-03,Agmarknet_2024
Uttarakhand,cauliflower,2266.36,1926.4,2606.31,2026-03-03,Agmarknet_2024
Uttarakhand,bottle gourd,1977.53,1680.9,2274.16,2026-03-03,Agmarknet_2024
Uttarakhand,bitter gourd,4539.56,3858.62,5220.49,2026-03-03,Agmarknet_2024
Uttarakhand,pumpkin,2012.73,1710.82,2314.63,2026-03-03,Agmarknet_2024
Uttarakhand,bhindi,3546.81,3014.78,4078.83,2026-03-03,Agmarknet_2024
Uttarakhand,garlic,5497.3,4672.71,6321.9,2026-03-03,Agmarknet_2024
Uttarakhand,ginger,8305.8,7059.93,9551.67,2026-03-03,Agmarknet_2024
Uttarakhand,coriander,8779.54,7462.61,10096.47,2026-03-03,Agmarknet_2024
Uttarakhand,drumstick,3914.78,3327.56,4502.0,2026-03-03,Agmarknet_2024
Uttarakhand,sweet potato,2390.75,2032.13,2749.36,2026-03-03,Agmarknet_2024
Uttarakhand,tapioca,1491.01,1267.35,1714.66,2026-03-03,Agmarknet_2024
Uttar Pradesh,rice,1900.0,1900.0,1900.0,2026-03-02,Agmarknet_Real_Scraping
Uttar Pradesh,rice,2050.0,2050.0,2050.0,2026-03-02,Agmarknet_Real_Scraping
Uttar Pradesh,rice,2072.95,2050.0,2100.0,2026-03-02,Agmarknet_Real_Scraping
Uttar Pradesh,rice,1850.0,1850.0,1850.0,2026-03-02,Agmarknet_Real_Scraping
Uttar Pradesh,rice,2000.0,2000.0,2000.0,2026-03-02,Agmarknet_Real_Scraping
Uttar Pradesh,rice,2200.0,2200.0,2200.0,2026-03-02,Agmarknet_Real_Scraping
Uttar Pradesh,rice,2500.0,2450.0,2550.0,2026-03-07,Agmarknet_Real_Scraping
Uttar Pradesh,rice,1840.69,1790.0,2000.0,2026-03-02,Agmarknet_Real_Scraping
Uttar Pradesh,rice,2250.0,2200.0,2300.0,2026-03-07,Agmarknet_Real_Scraping
Uttar Pradesh,rice,2300.0,2250.0,2350.0,2026-03-06,Agmarknet_Real_Scraping
Uttar Pradesh,rice,2250.0,2200.0,2300.0,2026-03-05,Agmarknet_Real_Scraping
Uttar Pradesh,rice,1920.95,1900.0,2000.0,2026-03-02,Agmarknet_Real_Scraping
Uttar Pradesh,rice,2300.0,2200.0,2350.0,2026-03-02,Agmarknet_Real_Scraping
Uttar Pradesh,rice,2040.0,2010.0,2070.0,2026-03-07,Agmarknet_Real_Scraping
Uttar Pradesh,rice,2020.0,2000.0,2050.0,2026-03-06,Agmarknet_Real_Scraping
Uttar Pradesh,rice,2040.0,2000.0,2070.0,2026-03-05,Agmarknet_Real_Scraping
Uttar Pradesh,rice,2040.0,2010.0,2060.0,2026-03-04,Agmarknet_Real_Scraping
Uttar Pradesh,rice,2025.0,2000.0,2050.0,2026-03-03,Agmarknet_Real_Scraping
Uttar Pradesh,rice,2151.13,2110.0,2200.0,2026-03-02,Agmarknet_Real_Scraping
Uttar Pradesh,rice,2400.0,2400.0,2400.0,2026-03-02,Agmarknet_Real_Scraping
Uttar Pradesh,rice,2700.0,2700.0,2700.0,2026-03-02,Agmarknet_Real_Scraping
Uttar Pradesh,rice,2600.0,2600.0,2600.0,2026-03-02,Agmarknet_Real_Scraping
Uttar Pradesh,rice,2727.27,2000.0,3000.0,2026-03-02,Agmarknet_Real_Scraping
Uttar Pradesh,rice,2300.55,2280.0,2320.0,2026-03-02,Agmarknet_Real_Scraping
Uttar Pradesh,rice,2500.0,2500.0,2500.0,2026-03-02,Agmarknet_Real_Scraping
Uttar Pradesh,rice,3000.0,3000.0,3000.0,2026-03-02,Agmarknet_Real_Scraping
Uttar Pradesh,rice,2102.18,2100.0,2105.0,2026-03-02,Agmarknet_Real_Scraping
Uttar Pradesh,rice,2100.0,2100.0,2100.0,2026-03-02,Agmarknet_Real_Scraping
Uttar Pradesh,rice,2103.59,2100.0,2150.0,2026-03-02,Agmarknet_Real_Scraping
Uttar Pradesh,rice,3536.36,3500.0,3600.0,2026-03-02,Agmarknet_Real_Scraping
Uttar Pradesh,rice,3033.33,3000.0,3100.0,2026-03-02,Agmarknet_Real_Scraping
Uttar Pradesh,rice,2119.3,2100.0,2134.0,2026-03-02,Agmarknet_Real_Scraping
Uttar Pradesh,rice,2205.0,2200.0,2210.0,2026-03-06,Agmarknet_Real_Scraping
Uttar Pradesh,rice,2205.0,2205.0,2205.0,2026-03-02,Agmarknet_Real_Scraping
Uttar Pradesh,rice,1750.0,1750.0,1750.0,2026-03-02,Agmarknet_Real_Scraping
Uttar Pradesh,rice,1700.0,1700.0,1700.0,2026-03-02,Agmarknet_Real_Scraping
Uttar Pradesh,rice,2144.32,1800.0,2280.0,2026-03-02,Agmarknet_Real_Scraping
Uttar Pradesh,rice,1852.85,1800.0,2000.0,2026-03-02,Agmarknet_Real_Scraping
Uttar Pradesh,rice,1880.79,1800.0,1900.0,2026-03-02,Agmarknet_Real_Scraping
Uttar Pradesh,rice,1920.0,1920.0,1920.0,2026-03-02,Agmarknet_Real_Scraping
Uttar Pradesh,rice,1830.0,1830.0,1830.0,2026-03-02,Agmarknet_Real_Scraping
Uttar Pradesh,rice,1800.0,1800.0,1800.0,2026-03-02,Agmarknet_Real_Scraping
Uttar Pradesh,rice,3550.0,3550.0,3550.0,2026-03-02,Agmarknet_Real_Scraping
Uttar Pradesh,rice,3829.32,3800.0,3850.0,2026-03-02,Agmarknet_Real_Scraping
Uttar Pradesh,rice,2150.0,2150.0,2150.0,2026-03-02,Agmarknet_Real_Scraping
Uttar Pradesh,rice,4054.15,4000.0,4070.0,2026-03-02,Agmarknet_Real_Scraping
Uttar Pradesh,rice,2080.93,1850.0,2550.0,2026-03-02,Agmarknet_Real_Scraping
Uttar Pradesh,rice,1801.96,1800.0,1810.0,2026-03-02,Agmarknet_Real_Scraping
Uttar Pradesh,rice,1800.0,1750.0,1850.0,2026-03-06,Agmarknet_Real_Scraping
Uttar Pradesh,rice,1950.0,1925.0,1975.0,2026-03-05,Agmarknet_Real_Scraping
Uttar Pradesh,rice,1925.0,1900.0,1950.0,2026-03-04,Agmarknet_Real_Scraping
Uttar Pradesh,rice,1800.0,1750.0,1850.0,2026-03-03,Agmarknet_Real_Scraping
Uttar Pradesh,rice,2370.0,2370.0,2370.0,2026-03-02,Agmarknet_Real_Scraping
Uttar Pradesh,rice,1855.58,1850.0,1865.0,2026-03-02,Agmarknet_Real_Scraping
Uttar Pradesh,rice,2290.0,2280.0,2300.0,2026-03-08,Agmarknet_Real_Scraping
Uttar Pradesh,rice,2304.0,2294.0,2314.0,2026-03-07,Agmarknet_Real_Scraping
Uttar Pradesh,rice,2460.0,2450.0,2470.0,2026-03-04,Agmarknet_Real_Scraping
Uttar Pradesh,rice,2497.0,2487.0,2507.0,2026-03-03,Agmarknet_Real_Scraping
Uttar Pradesh,rice,2496.8,2100.0,2760.0,2026-03-02,Agmarknet_Real_Scraping
Uttar Pradesh,rice,2370.0,2370.0,2370.0,2026-03-07,Agmarknet_Real_Scraping
Uttar Pradesh,rice,2450.0,2400.0,2500.0,2026-03-07,Agmarknet_Real_Scraping
Uttar Pradesh,rice,1997.04,1950.0,2000.0,2026-03-02,Agmarknet_Real_Scraping
Uttar Pradesh,rice,2250.0,2250.0,2250.0,2026-03-02,Agmarknet_Real_Scraping
Uttar Pradesh,rice,2112.05,2100.0,2150.0,2026-03-02,Agmarknet_Real_Scraping
Uttar Pradesh,rice,2225.0,2200.0,2250.0,2026-03-07,Agmarknet_Real_Scraping
Uttar Pradesh,rice,2225.0,2200.0,2250.0,2026-03-04,Agmarknet_Real_Scraping
Uttar Pradesh,rice,2225.0,2200.0,2250.0,2026-03-03,Agmarknet_Real_Scraping
Uttar Pradesh,rice,2225.0,2200.0,2250.0,2026-03-02,Agmarknet_Real_Scraping
Uttar Pradesh,rice,2204.27,2210.0,2200.0,2026-03-02,Agmarknet_Real_Scraping
Uttar Pradesh,rice,2155.0,2160.0,2150.0,2026-03-07,Agmarknet_Real_Scraping
Uttar Pradesh,rice,2155.0,2160.0,2150.0,2026-03-06,Agmarknet_Real_Scraping
Uttar Pradesh,rice,2620.2,2645.0,2605.0,2026-03-02,Agmarknet_Real_Scraping
Uttar Pradesh,rice,1857.76,1872.0,1850.0,2026-03-02,Agmarknet_Real_Scraping
Uttar Pradesh,rice,2120.0,2120.0,2120.0,2026-03-02,Agmarknet_Real_Scraping
Uttar Pradesh,rice,1910.0,1910.0,1910.0,2026-03-07,Agmarknet_Real_Scraping
Uttar Pradesh,rice,1890.0,1890.0,1890.0,2026-03-06,Agmarknet_Real_Scraping
Uttar Pradesh,rice,1900.0,1900.0,1900.0,2026-03-05,Agmarknet_Real_Scraping
Uttar Pradesh,rice,2003.36,2010.0,2000.0,2026-03-02,Agmarknet_Real_Scraping
Uttar Pradesh,rice,2728.43,2760.0,2680.0,2026-03-02,Agmarknet_Real_Scraping
Uttar Pradesh,rice,1830.0,1850.0,1800.0,2026-03-07,Agmarknet_Real_Scraping
Uttar Pradesh,rice,1799.24,1800.0,1795.0,2026-03-02,Agmarknet_Real_Scraping
Uttar Pradesh,rice,1825.78,1830.0,1820.0,2026-03-02,Agmarknet_Real_Scraping
Uttar Pradesh,rice,2350.0,2350.0,2350.0,2026-03-02,Agmarknet_Real_Scraping
Uttar Pradesh,rice,1953.18,2200.0,1850.0,2026-03-02,Agmarknet_Real_Scraping
